Conservative 0,1635,4496
Conservative 1,1763,5371
Conservative 2,1759,5572
Conservative 3,1830,5195
Conservative 4,1379,3760
Conservative 5,1751,5326
Conservative 6,1638,5131
Conservative 7,1609,5049
Conservative 8,1520,4691
Conservative 9,1531,4357
Conservative 10,1759,4996
conservatives 0,121,305
conservatives 1,121,270
conservatives 2,153,369
conservatives 3,143,337
conservatives 4,155,383
conservatives 5,116,302
conservatives 6,120,282
conservatives 7,100,227
conservatives 8,125,276
conservatives 9,124,274
conservatives 10,110,246
Liberal 0,411,700
Liberal 1,376,685
Liberal 2,351,534
Liberal 3,425,755
Liberal 4,360,683
Liberal 5,427,841
Liberal 6,366,669
Liberal 7,415,765
Liberal 8,398,737
Liberal 9,385,722
Liberal 10,506,976
Libertarian 0,3588,12755
Libertarian 1,3707,13702
Libertarian 2,4000,14829
Libertarian 3,3654,12897
Libertarian 4,3461,12867
Libertarian 5,3755,14366
Libertarian 6,3331,11835
Libertarian 7,3567,12022
Libertarian 8,3244,10584
Libertarian 9,3454,11844
Libertarian 10,3634,12045
Republican 0,322,702
Republican 1,238,436
Republican 2,240,425
Republican 3,279,505
Republican 4,256,447
Republican 5,268,531
Republican 6,264,542
Republican 7,224,354
Republican 8,241,483
Republican 9,263,473
Republican 10,377,722
socialism 0,1156,4407
socialism 1,1026,3531
socialism 2,1585,4994
socialism 3,1425,4533
socialism 4,1254,4001
socialism 5,1179,4359
socialism 6,1417,5504
socialism 7,1416,5551
socialism 8,1345,4965
socialism 9,1428,5474
socialism 10,1557,6509
