subreddit/party,transitivity_inverse,equality_mean,colour
Liberal Party of Australia,0.037,4.15,Australia
Australian Labor Party,0.037,1.825,Australia
Democratic Party,0.118,2.173,United States of America
Republican Party,0.416,4.654,United States of America
Conservatives,0.092,3.751,United Kingdom
Liberal Party,0.071,3.044,United Kingdom
Labour,0.093,1.631,United Kingdom
Conservative Party of Canada (2003),0.11,4.181,Canada
Liberal Party of Canada,0.056,1.782,Canada
Christian Democratic Union,0.049,3.637,Germany
Social Democratic Party of Germany,0.036,2.219,Germany
