,nodes,edges
Anarchism,5363,33942
Anarcho_Capitalism,5465,72624
Anarchy101,1029,4659
Conservative,9221,50624
conservatives,755,2440
Liberal,2277,7835
Libertarian,16957,128210
politics,119780,1027104
Republican,1675,5186
socialism,6988,50159
49ers,6522,51410
911truth,870,3921
Anticonsumption,2071,4592
army,4980,41944
AskAcademia,2466,6861
AskFeminists,2204,9674
AskHistorians,24606,80065
AskMen,54549,434575
AskPhysics,2329,6486
AskSocialScience,3801,8968
AskWomen,48835,358758
backpacking,5467,11460
battlefield3,4402,12126
beer,18574,68917
birthcontrol,1952,4637
BitcoinMarkets,7239,74712
BostonBruins,3103,24873
bostonceltics,1875,11188
buffalobills,2646,17629
CallOfDuty,4354,9525
camping,5066,11239
CanadaPolitics,3424,39201
canucks,2633,22614
Catholicism,4383,39265
changemyview,34204,264201
CHIBears,6202,56892
Christianity,21244,213635
CollegeBasketball,17019,199208
conspiracy,34767,226679
DebateAChristian,4499,53591
DebateAnAtheist,3269,25946
DenverBroncos,5393,34640
DetroitRedWings,3507,34875
Economics,13738,87973
environment,6606,20142
Equestrian,1026,4512
fantasyfootball,54476,851933
fffffffuuuuuuuuuuuu,21559,57327
finance,4486,10795
Fishing,9582,39542
FixedGearBicycle,4852,33325
Flyers,2723,25112
football,2626,4750
freemasonry,1245,9564
GreenBayPackers,6792,50370
guns,27687,263057
GunsAreCool,1488,7097
haskell,2346,17413
hiking,3723,7054
Hunting,5625,19412
lakers,4088,21988
latterdaysaints,2114,22484
LeagueofLegendsMeta,4553,26825
linux4noobs,4038,12084
linuxquestions,3591,10481
LiverpoolFC,9960,159731
Madden,5004,17040
Marijuana,3293,7355
marijuanaenthusiasts,2196,3795
Minecraft,62003,341268
navy,2660,11904
NeutralPolitics,2603,8629
oaklandraiders,2689,19274
occupywallstreet,1888,4555
Patriots,7720,72462
progressive,3249,11142
progun,3482,25216
psychology,6132,12928
Python,7786,24626
Redskins,3523,23941
religion,2442,8247
steelers,3346,23451
stlouisblues,2467,19168
StLouisRams,1649,9937
StockMarket,1670,3669
stocks,4166,12688
Texans,3192,27786
TexasRangers,1250,8037
titanfall,23363,132277
torontoraptors,2477,10958
TrueAtheism,8707,40297
USMC,2683,15662
WarshipPorn,3755,20188
Wicca,1162,5080
wine,3253,12340
worldpolitics,12184,44135
